custid,lname,fname,zip,dob,premuser,acctcreation,email
1,Alejandro,Rosalez,2458,12/28/62,f,9/16/99,zckmad3386@example.com
2,AnaCarolina,Silva,58793,12/10/68,t,8/4/96,amdfov8511@example.edu
3,Arnav,Desai,22263,11/11/83,f,11/8/98,ompxfc5104@example.net
4,Carlos,Salazar,52905,10/17/70,t,12/24/10,nzqhwo7739@example.biz
5,Diego,Ramirez,38282,2/7/68,t,11/1/02,zgnhzh2914@example.org
6,Jane,Doe,76668,11/6/64,t,10/6/15,aeokso3384@example.info
7,Jane,Roe,90437,8/27/70,t,10/11/14,dhtntd4751@example.eu
8,John,Doe,11510,6/27/71,t,6/28/15,qfoxlt1155@example.mobi
9,John,Stiles,15972,4/15/74,f,2/7/00,icnqtk4929@example.pro
10,Jorge,Souza,79148,6/23/86,f,5/25/98,otqmmn3620@example.jobs
11,Li,Juan,28971,4/27/82,f,1/24/09,dqoaig4853@example.com
12,Liu,Jie,3819,10/2/70,t,8/24/17,rnbzwm7831@example.edu
13,Márcia,Oliveira,31082,12/13/63,f,12/3/06,neiyoc6183@example.net
14,María,García,36473,1/20/81,f,12/19/14,vrboji2573@example.biz
15,Martha,Rivera,43823,12/23/78,t,4/8/17,xgheat1842@example.org
16,Mary,Major,15261,10/8/71,t,11/5/15,bbfsok7641@example.info
17,Mateo,Jackson,4580,11/2/86,t,12/7/09,rwulnp5391@example.eu
18,Nikhil,Jayashankar,78691,6/1/84,t,5/2/16,swejgv8586@example.mobi
19,Paulo,Santos,52266,2/10/72,f,1/29/98,qjwupb7306@example.pro
20,Richard,Roe,35425,1/7/89,f,5/19/01,vbsces3488@example.jobs
21,Saanvi,Sarkar,25480,12/23/86,f,12/30/17,ynwpoz7217@example.com
22,Shirley,Rodriguez,27792,10/25/88,t,9/9/11,ouaomm1592@example.edu
23,Sofía,Martínez,53092,6/21/74,t,10/24/02,esdleu2900@example.net
24,Wang,Xiulan,75543,1/16/84,f,1/12/96,dxgpbq8021@example.biz
25,Zhang,Wei,28999,12/19/67,t,3/3/01,eeliur3386@example.org
26,Alejandro,Rosalez,65894,11/17/60,t,10/20/06,akzcin8147@example.info
27,AnaCarolina,Silva,27861,4/5/82,f,2/19/02,fcbxwv2315@example.eu
28,Arnav,Desai,41425,1/9/64,f,3/30/15,cevkjf4257@example.mobi
29,Carlos,Salazar,83083,2/4/65,f,9/30/03,tjtdgx7119@example.pro
30,Diego,Ramirez,26288,4/7/87,f,12/4/00,mcztaa3028@example.jobs
31,Jane,Doe,56507,7/7/89,t,1/12/17,uqkids7654@example.com
32,Jane,Roe,55205,9/19/67,f,5/17/07,yxsuan7490@example.edu
33,John,Doe,89218,4/20/71,f,11/17/00,iaowva3508@example.net
34,John,Stiles,65412,5/10/72,t,11/21/03,qyymry5560@example.biz
35,Jorge,Souza,18874,12/13/68,f,7/7/01,zslbnt8575@example.org
36,Li,Juan,28267,12/12/70,f,2/6/07,lhmqlo8791@example.info
37,Liu,Jie,35766,12/24/65,f,7/29/01,jrdvne7642@example.eu
38,Márcia,Oliveira,3329,2/11/85,f,9/20/09,aofwjs7226@example.mobi
39,María,García,40410,2/5/81,t,11/30/17,yuolbh8122@example.pro
40,Martha,Rivera,45998,1/13/84,t,10/17/03,kagjtp1729@example.jobs
41,Mary,Major,53499,4/21/78,t,5/27/98,xlnqur1494@example.com
42,Mateo,Jackson,34054,9/15/72,f,3/21/08,iukkyg4015@example.edu
43,Nikhil,Jayashankar,72603,1/27/69,t,9/12/13,zxuknw1493@example.net
44,Paulo,Santos,26187,2/2/71,t,12/5/96,dfhdbe3143@example.biz
45,Richard,Roe,21452,2/11/62,t,10/4/07,oyheoa9266@example.org
46,Saanvi,Sarkar,30926,8/12/89,t,1/16/03,jhisat8450@example.info
47,Shirley,Rodriguez,51877,3/3/70,t,5/23/02,oxrxfb8891@example.eu
48,Sofía,Martínez,60090,6/8/78,t,6/13/01,lzzzim5711@example.mobi
49,Wang,Xiulan,57315,9/10/65,f,6/14/05,hzsynx1905@example.pro
50,Zhang,Wei,9706,8/22/87,t,1/29/17,dnyqny6067@example.jobs
51,Alejandro,Rosalez,55797,1/26/74,t,2/16/17,ojjssq4733@example.com
52,AnaCarolina,Silva,29617,8/1/62,f,3/30/16,bwkgpo5119@example.edu
53,Arnav,Desai,95546,10/24/66,f,2/12/12,xdpnzt2878@example.net
54,Carlos,Salazar,38014,9/19/79,f,4/11/99,fgyibp7197@example.biz
55,Diego,Ramirez,83338,3/7/88,t,8/31/13,jhqyei5526@example.org
56,Jane,Doe,65786,3/4/85,t,2/18/05,urdyrf1689@example.info
57,Jane,Roe,68908,5/3/79,t,2/13/16,quzqfa1717@example.eu
58,John,Doe,31256,10/21/83,f,4/9/03,rbwfvp6975@example.mobi
59,John,Stiles,2757,10/13/60,t,10/15/99,kquxqe2065@example.pro
60,Jorge,Souza,28804,11/2/61,f,12/1/15,pmjyah4777@example.jobs
61,Li,Juan,14742,4/1/72,f,10/1/17,addgvs7875@example.com
62,Liu,Jie,91572,2/2/77,t,6/1/96,hduzsd3355@example.edu
63,Márcia,Oliveira,18090,3/3/90,t,2/15/15,iddrbz4111@example.net
64,María,García,63807,7/28/64,t,3/27/12,zsrldh9846@example.biz
65,Martha,Rivera,96179,9/8/70,f,9/1/05,tehdcj7276@example.org
66,Mary,Major,97441,3/30/73,t,5/12/14,biaizc9540@example.info
67,Mateo,Jackson,42818,3/12/61,t,10/19/08,jqplzp6381@example.eu
68,Nikhil,Jayashankar,86719,1/3/77,t,9/8/08,mdfdsg1283@example.mobi
69,Paulo,Santos,88839,2/19/80,f,6/11/03,ebpzel5888@example.pro
70,Richard,Roe,90777,12/3/80,t,3/26/12,jhiybc2964@example.jobs
71,Saanvi,Sarkar,52507,10/7/67,f,7/22/09,nyochc7470@example.com
72,Shirley,Rodriguez,2135,2/6/62,f,2/18/18,fuquvp8650@example.edu
73,Sofía,Martínez,31324,5/23/76,t,11/13/13,qhjkjd5225@example.net
74,Wang,Xiulan,83843,9/2/88,f,2/14/01,tjthxz1181@example.biz
75,Zhang,Wei,18883,2/29/64,t,2/8/96,ytqjmz7549@example.org
76,Alejandro,Rosalez,76509,6/6/80,f,3/30/02,snnmqk1868@example.info
77,AnaCarolina,Silva,66689,1/14/67,f,4/23/10,zsdquh5489@example.eu
78,Arnav,Desai,94148,3/21/87,f,9/8/10,ulvmza3687@example.mobi
79,Carlos,Salazar,53489,1/20/66,t,8/29/14,mweghb7554@example.pro
80,Diego,Ramirez,68823,9/8/68,t,4/4/02,qwjdvv8879@example.jobs
81,Jane,Doe,79620,11/8/85,f,10/28/01,feheej7617@example.com
82,Jane,Roe,57119,6/8/64,f,3/10/13,ncxkcb2718@example.edu
83,John,Doe,94668,4/3/75,f,8/28/06,ifbuyx2310@example.net
84,John,Stiles,7132,2/10/86,f,6/27/01,okqasw2218@example.biz
85,Jorge,Souza,20578,1/26/85,t,9/8/09,bukwvu9477@example.org
86,Li,Juan,93115,2/28/62,t,8/13/10,cgymfm9500@example.info
87,Liu,Jie,691,2/18/80,f,6/6/02,aqoqrs6476@example.eu
88,Márcia,Oliveira,1714,2/12/61,f,2/18/96,vegzey3141@example.mobi
89,María,García,88300,1/29/76,t,10/22/04,bvkcad4137@example.pro
90,Martha,Rivera,78340,4/17/61,t,5/4/01,mdusjv7759@example.jobs
91,Mary,Major,42696,1/12/86,f,9/12/03,kbyntl8704@example.com
92,Mateo,Jackson,9985,8/1/88,f,9/19/98,aubuxj5542@example.edu
93,Nikhil,Jayashankar,76265,10/30/87,t,4/27/11,cghrzs5694@example.net
94,Paulo,Santos,54030,3/4/83,t,3/2/03,zqcwie8095@example.biz
95,Richard,Roe,58483,9/12/79,t,8/26/10,nshopg3276@example.org
96,Saanvi,Sarkar,17403,7/16/74,t,8/14/96,amnwks5831@example.info
97,Shirley,Rodriguez,12162,8/10/89,f,9/11/02,bnyvoo2529@example.eu
98,Sofía,Martínez,81913,6/8/86,f,5/3/03,abyrhe1561@example.mobi
99,Wang,Xiulan,90788,6/17/65,f,7/25/16,ikgpba6100@example.pro
100,Zhang,Wei,95531,2/12/75,f,6/18/14,onmslr2057@example.jobs
101,Alejandro,Rosalez,66552,12/24/66,f,11/5/06,oyctog6660@example.com
102,AnaCarolina,Silva,17325,2/6/76,f,2/15/07,ilnctm5123@example.edu
103,Arnav,Desai,17584,7/26/74,t,8/10/17,smfgsb5248@example.net
104,Carlos,Salazar,3278,4/10/81,f,12/21/11,rtqube6809@example.biz
105,Diego,Ramirez,60557,10/26/62,f,8/18/01,fdztxk4554@example.org
106,Jane,Doe,67789,4/29/72,f,7/28/08,eicaan4451@example.info
107,Jane,Roe,63093,7/20/79,f,4/19/07,vdjezx2926@example.eu
108,John,Doe,2005,10/1/66,t,3/11/01,lfcovx1721@example.mobi
109,John,Stiles,2607,12/5/79,t,7/3/09,csylxd7816@example.pro
110,Jorge,Souza,30242,1/22/78,f,8/16/95,hypofm9993@example.jobs
111,Li,Juan,24220,2/21/89,t,1/20/01,wydzlp2101@example.com
112,Liu,Jie,68746,11/18/86,f,2/28/98,xiibpl6418@example.edu
113,Márcia,Oliveira,62860,5/3/65,f,11/25/97,mrkrrm3277@example.net
114,María,García,29629,3/19/72,t,6/28/02,pfjqdr7080@example.biz
115,Martha,Rivera,32356,10/20/85,t,6/11/95,vfbffv6842@example.org
116,Mary,Major,46130,9/30/86,t,5/4/09,gqkolz7547@example.info
117,Mateo,Jackson,95037,10/20/73,f,8/1/09,pjfiud4026@example.eu
118,Nikhil,Jayashankar,11847,3/17/68,f,1/14/15,dmlgog4284@example.mobi
119,Paulo,Santos,10363,3/16/66,f,8/9/10,biosws9297@example.pro
120,Richard,Roe,64221,12/14/61,f,1/26/96,uqymsm4541@example.jobs
121,Saanvi,Sarkar,81682,5/3/69,t,6/9/18,qdsksf2653@example.com
122,Shirley,Rodriguez,89947,10/7/80,t,10/16/15,uoonml9787@example.edu
123,Sofía,Martínez,81920,5/9/89,f,1/27/18,otpflu2899@example.net
124,Wang,Xiulan,55915,4/6/63,t,10/2/09,artoed5069@example.biz
125,Zhang,Wei,34839,12/23/69,f,10/3/97,zrwcia1609@example.org
126,Alejandro,Rosalez,41425,11/8/85,f,9/14/03,jleqiv8586@example.info
127,AnaCarolina,Silva,49240,7/10/77,f,6/1/16,dbtfhx3661@example.eu
128,Arnav,Desai,42881,12/15/82,f,11/24/03,utrcwl9101@example.mobi
129,Carlos,Salazar,35717,8/26/65,f,5/31/15,ozssbz6492@example.pro
130,Diego,Ramirez,27902,9/6/75,f,6/7/17,eimoad2191@example.jobs
131,Jane,Doe,12406,1/20/90,t,1/12/13,iphaer6813@example.com
132,Jane,Roe,16610,7/18/77,t,8/10/10,hzbqfo5133@example.edu
133,John,Doe,96195,4/1/68,t,9/6/05,rcnfji9122@example.net
134,John,Stiles,42575,4/18/63,t,9/10/06,goegbg1377@example.biz
135,Jorge,Souza,35007,5/4/65,t,3/13/97,tafybi8730@example.org
136,Li,Juan,60547,2/7/64,f,10/25/09,yijhbv4837@example.info
137,Liu,Jie,42888,7/28/65,t,3/23/16,syxwpg3036@example.eu
138,Márcia,Oliveira,65546,4/18/61,t,6/20/08,pomzwf8592@example.mobi
139,María,García,4076,7/27/65,t,8/28/11,eabhau6274@example.pro
140,Martha,Rivera,8646,4/4/66,f,9/13/08,evmwmz5093@example.jobs
141,Mary,Major,59108,9/22/67,t,9/16/14,hvdqll9130@example.com
142,Mateo,Jackson,16038,11/2/89,f,10/23/01,ixfdee9574@example.edu
143,Nikhil,Jayashankar,92220,8/7/67,f,2/26/10,xdjzhx6612@example.net
144,Paulo,Santos,44056,11/19/87,f,12/1/04,hftuqk3079@example.biz
145,Richard,Roe,33464,11/16/72,f,12/28/13,ofmbxv5298@example.org
146,Saanvi,Sarkar,72881,2/8/62,t,2/14/14,hjjshy2466@example.info
147,Shirley,Rodriguez,56488,1/29/75,f,9/27/03,hmgxql6877@example.eu
148,Sofía,Martínez,13321,9/14/70,t,12/28/07,nfslbi3850@example.mobi
149,Wang,Xiulan,39250,11/5/88,t,11/13/03,iqjenm3053@example.pro
150,Zhang,Wei,84414,7/2/64,t,3/26/14,zwvusi9556@example.jobs
151,Alejandro,Rosalez,12976,6/12/73,t,9/2/13,vxfrrs4885@example.com
152,AnaCarolina,Silva,49446,12/21/63,f,4/27/10,ruzilu9612@example.edu
153,Arnav,Desai,65205,7/8/90,f,10/29/05,tmtwhz3704@example.net
154,Carlos,Salazar,42752,10/13/64,t,7/27/06,bbdamr2458@example.biz
155,Diego,Ramirez,83456,10/8/84,t,6/21/15,glitls3487@example.org
156,Jane,Doe,33883,1/4/80,t,9/10/17,vtlols3126@example.info
157,Jane,Roe,58083,11/15/64,t,10/24/02,wvawtl3005@example.eu
158,John,Doe,17187,2/12/76,t,1/22/02,yghxlu1915@example.mobi
159,John,Stiles,37511,12/20/88,f,4/28/11,yxbyub9219@example.pro
160,Jorge,Souza,85178,2/10/78,f,8/25/04,tzdext8725@example.jobs
161,Li,Juan,43864,2/11/88,t,1/29/16,wmfiwy3781@example.com
162,Liu,Jie,41044,6/12/85,t,10/28/05,eyaoqd5771@example.edu
163,Márcia,Oliveira,58797,4/19/77,t,10/19/00,vsixsa3812@example.net
164,María,García,82954,10/27/79,f,6/25/15,syleau6155@example.biz
165,Martha,Rivera,7554,12/31/81,t,3/31/15,iohsyp1977@example.org
166,Mary,Major,10298,5/26/77,t,11/22/13,embdqa5370@example.info
167,Mateo,Jackson,89630,3/16/77,f,8/16/02,bwqzrh3468@example.eu
168,Nikhil,Jayashankar,15014,1/14/85,t,8/25/01,zqvkja7895@example.mobi
169,Paulo,Santos,85246,2/18/83,f,5/13/04,zadlvn9911@example.pro
170,Richard,Roe,89228,6/24/90,f,8/21/08,mctrng4153@example.jobs
171,Saanvi,Sarkar,54186,3/25/70,t,5/13/17,qkcqoy9148@example.com
172,Shirley,Rodriguez,90588,3/24/69,f,5/6/14,donrkd4028@example.edu
173,Sofía,Martínez,8194,9/22/78,f,10/1/00,jbftkl9865@example.net
174,Wang,Xiulan,18848,10/28/79,f,4/27/98,xmdddo4473@example.biz
175,Zhang,Wei,40290,2/27/74,t,4/7/10,vdxlkm4172@example.org
176,Alejandro,Rosalez,18665,8/8/72,f,1/11/15,wzynok5079@example.info
177,AnaCarolina,Silva,16561,1/11/74,f,12/1/00,wqebyv8674@example.eu
178,Arnav,Desai,3315,2/22/66,t,7/17/98,kvclcl5809@example.mobi
179,Carlos,Salazar,41486,12/12/67,f,2/7/05,pkbeyn6780@example.pro
180,Diego,Ramirez,21988,6/6/78,t,8/14/08,gqkdty1550@example.jobs
181,Jane,Doe,39366,9/23/85,f,8/30/99,inpydg3237@example.com
182,Jane,Roe,56507,11/16/70,f,4/21/08,kjbfix1983@example.edu
183,John,Doe,56301,11/8/69,f,8/8/97,vrffjp1865@example.net
184,John,Stiles,14208,6/22/70,f,2/7/03,spjjow1871@example.biz
185,Jorge,Souza,71741,10/15/88,t,11/24/00,xnmowt3762@example.org
186,Li,Juan,16943,11/13/71,t,2/24/14,tfwdvs2417@example.info
187,Liu,Jie,9304,2/19/88,t,8/31/03,xzvers7083@example.eu
188,Márcia,Oliveira,75325,12/15/69,t,4/24/17,qsilno8751@example.mobi
189,María,García,55265,12/9/67,f,12/11/12,pajirg3581@example.pro
190,Martha,Rivera,31127,7/26/69,f,8/9/03,ssojlt8690@example.jobs
191,Mary,Major,56670,9/9/79,t,6/9/97,xuhhpp3461@example.com
192,Mateo,Jackson,23514,3/19/71,t,2/12/13,cktbrj4242@example.edu
193,Nikhil,Jayashankar,33646,7/24/87,f,9/23/98,urrrky9743@example.net
194,Paulo,Santos,41885,1/3/76,t,5/31/95,wmtoem7619@example.biz
195,Richard,Roe,25852,12/30/63,t,11/11/97,spznim6707@example.org
196,Saanvi,Sarkar,82084,7/9/77,t,4/25/98,zmgmgv1974@example.info
197,Shirley,Rodriguez,53994,12/11/76,t,2/9/99,chrxdh6777@example.eu
198,Sofía,Martínez,97148,4/5/86,t,9/23/06,yybfeh6687@example.mobi
199,Wang,Xiulan,46021,10/6/76,f,4/23/95,dmjjvs5567@example.pro
200,Zhang,Wei,50233,1/18/77,t,1/2/09,bwjfgj4413@example.jobs
201,Alejandro,Rosalez,36954,2/10/68,f,3/21/03,nwjolz6458@example.com
202,AnaCarolina,Silva,1107,8/17/74,t,5/3/14,eeabjw8524@example.edu
203,Arnav,Desai,95869,8/6/68,f,10/25/14,jbfzdw8627@example.net
204,Carlos,Salazar,5608,11/20/67,f,5/23/98,eurczp4451@example.biz
205,Diego,Ramirez,66301,6/17/74,t,12/25/10,tcpniq6929@example.org
206,Jane,Doe,49263,6/20/65,f,11/23/08,eilubq1265@example.info
207,Jane,Roe,63102,6/7/71,t,1/7/02,larcqg9505@example.eu
208,John,Doe,91892,4/26/63,f,7/23/08,sapaaw3158@example.mobi
209,John,Stiles,93328,2/12/68,t,7/17/98,kpwsea6572@example.pro
210,Jorge,Souza,49568,8/12/88,t,7/19/97,uzcjkm8534@example.jobs
211,Li,Juan,83243,6/5/87,t,9/16/98,fpykky1658@example.com
212,Liu,Jie,85972,8/21/79,t,4/9/08,rwpwhw9902@example.edu
213,Márcia,Oliveira,27603,3/29/74,t,2/10/11,aqxqsc1707@example.net
214,María,García,94572,2/9/67,f,3/30/05,bxphjh1928@example.biz
215,Martha,Rivera,68198,12/7/72,t,1/13/18,nbvgew6469@example.org
216,Mary,Major,168,9/3/72,f,10/16/03,bconbx5684@example.info
217,Mateo,Jackson,46630,3/6/61,f,1/29/98,knutvw5532@example.eu
218,Nikhil,Jayashankar,39500,10/28/60,f,3/24/12,knkhce3293@example.mobi
219,Paulo,Santos,80941,2/23/86,t,11/10/08,mcpcmw1218@example.pro
220,Richard,Roe,34465,5/7/80,t,10/27/03,innmou3169@example.jobs
221,Saanvi,Sarkar,25550,7/2/69,t,5/1/07,ugpojj6397@example.com
222,Shirley,Rodriguez,52285,3/5/88,f,12/19/12,tgdspv5234@example.edu
223,Sofía,Martínez,57064,7/21/66,t,1/17/03,byhqak6481@example.net
224,Wang,Xiulan,98702,9/11/72,t,7/19/03,vvogvx4043@example.biz
225,Zhang,Wei,76671,1/9/63,t,4/26/09,gquuso7108@example.org
226,Alejandro,Rosalez,86866,1/22/72,f,4/20/03,ukcgln7094@example.info
227,AnaCarolina,Silva,75288,9/14/85,t,7/28/12,hgnggp3803@example.eu
228,Arnav,Desai,54714,3/28/74,f,9/5/05,szeoro7791@example.mobi
229,Carlos,Salazar,94695,3/1/69,t,11/9/10,nihlyx7367@example.pro
230,Diego,Ramirez,11901,1/25/86,f,2/10/03,dmjtkw3186@example.jobs
231,Jane,Doe,93220,12/7/71,t,3/19/05,fmfnyk9488@example.com
232,Jane,Roe,78645,6/15/78,f,6/5/11,uefyct6729@example.edu
233,John,Doe,91894,5/1/81,f,3/2/15,lpcrhg2202@example.net
234,John,Stiles,19039,2/15/84,t,8/26/97,cbbwrw1250@example.biz
235,Jorge,Souza,92195,8/2/61,f,11/14/17,bhazgr3819@example.org
236,Li,Juan,30081,10/25/79,f,3/18/07,vailae9129@example.info
237,Liu,Jie,69412,8/18/63,t,10/11/02,uvbapa7641@example.eu
238,Márcia,Oliveira,11975,1/18/65,t,4/10/14,zwnurc1920@example.mobi
239,María,García,91989,1/27/72,f,10/1/08,dlyxjv8752@example.pro
240,Martha,Rivera,34104,3/11/82,f,1/31/04,roqaaj8486@example.jobs
241,Mary,Major,91278,5/20/64,f,4/16/97,kpoqyy9579@example.com
242,Mateo,Jackson,52620,9/12/69,t,11/9/95,rlithk2922@example.edu
243,Nikhil,Jayashankar,69290,12/13/70,f,7/1/00,wercmp2499@example.net
244,Paulo,Santos,47623,10/3/60,f,6/22/95,znfxye3126@example.biz
245,Richard,Roe,38239,9/12/65,f,4/2/08,wrlrfk4250@example.org
246,Saanvi,Sarkar,62344,2/20/78,t,3/9/98,bhktmf5362@example.info
247,Shirley,Rodriguez,32281,11/28/79,f,3/19/96,vwyzqk8744@example.eu
248,Sofía,Martínez,71838,8/26/62,f,9/14/11,xvzqro7823@example.mobi
249,Wang,Xiulan,35462,8/2/88,f,9/15/00,sdepli4682@example.pro
250,Zhang,Wei,15221,5/4/76,t,9/25/16,apknod4138@example.jobs
251,Alejandro,Rosalez,32059,5/27/70,f,11/6/08,frxpsp8500@example.com
252,AnaCarolina,Silva,39100,1/19/76,f,3/29/10,pxfqyl6430@example.edu
253,Arnav,Desai,88902,5/23/80,f,7/5/96,utudnw2002@example.net
254,Carlos,Salazar,83928,5/30/90,t,12/18/95,twpqel8653@example.biz
255,Diego,Ramirez,70036,3/3/87,t,3/16/14,mwyuji8649@example.org
256,Jane,Doe,49463,10/15/61,f,2/26/17,qfssvs2138@example.info
257,Jane,Roe,3868,11/11/67,t,6/6/17,axiumy1344@example.eu
258,John,Doe,52791,8/17/89,f,5/3/15,kfxrhy2900@example.mobi
259,John,Stiles,52336,3/14/79,t,2/12/13,luxjtn3052@example.pro
260,Jorge,Souza,27867,10/4/78,f,12/25/01,yvvlih1321@example.jobs
261,Li,Juan,69321,7/7/78,t,4/10/00,tjykbv6009@example.com
262,Liu,Jie,22196,6/6/85,t,10/17/98,ajeaoi5553@example.edu
263,Márcia,Oliveira,54456,7/23/76,t,5/1/02,rmicpy6898@example.net
264,María,García,74132,4/1/78,t,7/3/10,fdbstn5261@example.biz
265,Martha,Rivera,13361,2/25/84,t,8/15/10,tkuxag9831@example.org
266,Mary,Major,67676,2/21/73,f,1/2/99,zzrvno8263@example.info
267,Mateo,Jackson,51584,6/20/87,f,12/9/98,fvxmhk3015@example.eu
268,Nikhil,Jayashankar,79307,1/3/89,f,10/28/05,fipxyf8590@example.mobi
269,Paulo,Santos,84264,1/4/88,t,5/28/09,iwrjro4092@example.pro
270,Richard,Roe,4902,7/25/81,f,3/12/08,spbtyq2889@example.jobs
271,Saanvi,Sarkar,45747,5/16/64,t,7/30/07,vfxgcp1113@example.com
272,Shirley,Rodriguez,26676,1/10/87,f,3/25/06,cxoamz4368@example.edu
273,Sofía,Martínez,4170,6/23/78,t,3/19/16,aojkvu6921@example.net
274,Wang,Xiulan,33115,2/16/90,f,10/31/05,svwwrr3187@example.biz
275,Zhang,Wei,84977,5/10/67,f,10/19/15,mgwmaw5700@example.org
276,Alejandro,Rosalez,95338,4/12/87,t,12/28/05,nhfseu1257@example.info
277,AnaCarolina,Silva,56416,2/12/89,f,1/17/01,vfedcc3467@example.eu
278,Arnav,Desai,68301,8/8/69,f,9/28/08,ogdqeg7597@example.mobi
279,Carlos,Salazar,52737,4/29/63,f,6/17/18,ykhslz2428@example.pro
280,Diego,Ramirez,39519,5/28/84,t,9/1/05,nerill7532@example.jobs
281,Jane,Doe,59198,12/27/89,f,12/31/16,plyjdq4277@example.com
282,Jane,Roe,66789,12/9/75,f,7/10/12,ifdyip4092@example.edu
283,John,Doe,24434,4/2/76,t,1/28/11,hlqtli3481@example.net
284,John,Stiles,91075,10/20/63,f,8/23/98,hwzoap2796@example.biz
285,Jorge,Souza,20637,3/13/74,t,8/13/09,jlopzb9401@example.org
286,Li,Juan,41720,4/3/78,f,1/8/18,umemif9091@example.info
287,Liu,Jie,95737,6/13/84,f,12/18/07,urbzjw9275@example.eu
288,Márcia,Oliveira,6735,6/26/87,f,10/7/00,exzwtz9857@example.mobi
289,María,García,38029,3/7/88,t,11/13/14,mirnrp5292@example.pro
290,Martha,Rivera,77912,1/10/86,f,10/2/02,bqjiwu9301@example.jobs
291,Mary,Major,90174,9/28/74,f,10/10/17,mogkbt4286@example.com
292,Mateo,Jackson,78720,3/6/64,t,11/27/13,ibiejb6751@example.edu
293,Nikhil,Jayashankar,76093,9/6/65,f,2/5/01,qjatsf6341@example.net
294,Paulo,Santos,21885,1/25/87,f,4/17/97,kdxxqx2131@example.biz
295,Richard,Roe,9509,9/5/63,t,7/5/99,vhxttu1962@example.org
296,Saanvi,Sarkar,48521,4/20/65,f,5/7/15,jrjpmx9962@example.info
297,Shirley,Rodriguez,56411,6/19/78,f,4/6/12,ktzyvp3668@example.eu
298,Sofía,Martínez,10646,11/25/89,t,3/29/04,kzzrth4225@example.mobi
299,Wang,Xiulan,75831,6/2/63,t,12/19/11,wpeamg2262@example.pro
300,Zhang,Wei,70614,12/19/76,t,5/23/98,norfkg2732@example.jobs
301,Alejandro,Rosalez,14705,4/6/61,f,4/18/02,paiqhf8731@example.com
302,AnaCarolina,Silva,74194,11/2/89,t,6/23/04,iblcgh5269@example.edu
303,Arnav,Desai,78721,7/9/69,f,2/27/14,oqrbca3331@example.net
304,Carlos,Salazar,78034,2/27/64,f,8/23/97,jtuopa1909@example.biz
305,Diego,Ramirez,59077,1/17/89,t,8/3/10,txlklr1856@example.org
306,Jane,Doe,90707,10/10/82,f,4/5/06,tamnyw9319@example.info
307,Jane,Roe,32836,10/6/68,f,4/6/16,bkdvkq7620@example.eu
308,John,Doe,17558,7/9/76,t,9/22/99,azqpnu6778@example.mobi
309,John,Stiles,83102,2/24/82,t,11/24/03,ndlnlh1533@example.pro
310,Jorge,Souza,25706,4/28/74,t,12/25/02,qmbepg6582@example.jobs
311,Li,Juan,22225,10/9/84,f,9/14/99,qjymqw8644@example.com
312,Liu,Jie,77432,5/25/79,f,5/6/07,lwsztg4792@example.edu
313,Márcia,Oliveira,63035,11/25/83,t,8/12/05,rlxbnr8613@example.net
314,María,García,91513,8/16/81,t,12/18/07,eajeec4790@example.biz
315,Martha,Rivera,15677,7/11/82,f,4/16/08,rerppa8715@example.org
316,Mary,Major,11556,6/17/81,t,10/31/12,hnzvak1734@example.info
317,Mateo,Jackson,29334,8/2/86,f,9/7/10,mijljs1871@example.eu
318,Nikhil,Jayashankar,40596,11/3/78,t,4/19/07,gpdahg4324@example.mobi
319,Paulo,Santos,66441,12/25/85,t,6/30/01,agvban5161@example.pro
320,Richard,Roe,86493,1/24/81,t,5/30/12,xksggr7121@example.jobs
321,Saanvi,Sarkar,67375,3/25/75,t,1/12/05,zawtbv1752@example.com
322,Shirley,Rodriguez,98044,4/15/76,t,12/29/14,cgzgmx4054@example.edu
323,Sofía,Martínez,71836,8/16/78,t,7/18/09,yvkovu3223@example.net
324,Wang,Xiulan,63125,8/30/62,t,7/21/07,bqjvlo2398@example.biz
325,Zhang,Wei,23592,12/5/65,f,10/11/01,jopuie1212@example.org
326,Alejandro,Rosalez,48771,3/18/66,f,5/26/03,qidluu2371@example.info
327,AnaCarolina,Silva,34121,6/26/86,f,2/22/17,rubghk9542@example.eu
328,Arnav,Desai,79780,11/7/68,f,7/6/09,otmzak5478@example.mobi
329,Carlos,Salazar,57063,3/9/61,t,8/24/02,cxfjgy2257@example.pro
330,Diego,Ramirez,88866,7/17/90,f,8/10/05,nidyjc2338@example.jobs
331,Jane,Doe,85643,4/30/64,f,7/28/08,xeuoln6076@example.com
332,Jane,Roe,96145,5/29/71,t,5/17/15,lpduvh6875@example.edu
333,John,Doe,42111,8/2/71,t,7/20/07,zfoetf8873@example.net
334,John,Stiles,16728,5/23/73,t,5/4/02,ifoqgw7952@example.biz
335,Jorge,Souza,2517,1/25/73,f,9/22/08,yrdxbb3817@example.org
336,Li,Juan,35386,12/4/70,f,10/2/00,vzahwh1267@example.info
337,Liu,Jie,77850,11/28/85,t,1/2/00,innslc4910@example.eu
338,Márcia,Oliveira,33962,1/5/69,t,4/14/02,ueosnu9285@example.mobi
339,María,García,76,1/16/68,t,4/16/95,khcixx2486@example.pro
340,Martha,Rivera,9022,9/1/67,f,11/23/16,mfvhcn6575@example.jobs
341,Mary,Major,90898,7/31/64,f,3/7/09,vvfpby6850@example.com
342,Mateo,Jackson,21179,1/24/81,f,7/16/03,lmgret8859@example.edu
343,Nikhil,Jayashankar,35459,8/17/77,t,7/4/02,plkfzq5897@example.net
344,Paulo,Santos,45529,11/29/67,t,6/5/17,xqtsqp2007@example.biz
345,Richard,Roe,15126,2/15/62,t,12/13/96,ruzygu2756@example.org
346,Saanvi,Sarkar,16280,10/13/60,f,12/10/01,udgvtf4324@example.info
347,Shirley,Rodriguez,91401,10/6/89,t,3/5/05,ewnbvi7793@example.eu
348,Sofía,Martínez,63067,6/11/90,t,12/28/12,tfvfgj2771@example.mobi
349,Wang,Xiulan,74309,7/27/79,f,5/21/17,mmesof1868@example.pro
350,Zhang,Wei,22074,1/21/87,f,11/6/96,wfgkta6557@example.jobs
351,Alejandro,Rosalez,97782,2/14/75,t,2/13/15,hvjquf4835@example.com
352,AnaCarolina,Silva,24197,10/20/84,t,12/9/10,pljagu3237@example.edu
353,Arnav,Desai,57851,8/31/70,t,3/24/17,kwzmqj1636@example.net
354,Carlos,Salazar,52918,3/6/88,f,5/13/00,fgejou4613@example.biz
355,Diego,Ramirez,92229,12/5/66,f,3/11/17,btmciu6586@example.org
356,Jane,Doe,71780,9/17/72,f,4/14/96,wjsrxg8900@example.info
357,Jane,Roe,48284,11/23/80,f,5/20/18,jdyfvs3582@example.eu
358,John,Doe,6831,6/5/84,f,10/20/05,zpjzgo4170@example.mobi
359,John,Stiles,76495,12/6/81,f,12/20/03,glkfdp3888@example.pro
360,Jorge,Souza,5805,10/7/79,f,10/8/11,ndueqe1112@example.jobs
361,Li,Juan,45381,5/22/67,f,3/18/06,ekgqnr5554@example.com
362,Liu,Jie,77835,3/8/83,t,7/6/04,gtmlcp7508@example.edu
363,Márcia,Oliveira,31734,4/20/70,f,3/3/12,boylnb2037@example.net
364,María,García,50399,9/17/60,t,6/26/11,rbhmfg1168@example.biz
365,Martha,Rivera,87216,2/8/89,t,9/7/01,muxpin6239@example.org
366,Mary,Major,98714,11/27/82,f,12/23/06,kmjxaf1894@example.info
367,Mateo,Jackson,25010,12/3/82,f,11/6/07,nsaurx3019@example.eu
368,Nikhil,Jayashankar,40123,6/28/78,f,1/13/18,cqlolt7009@example.mobi
369,Paulo,Santos,49761,10/3/78,f,4/4/11,kszbtc4919@example.pro
370,Richard,Roe,68082,11/13/81,f,1/20/99,utwiib9578@example.jobs
371,Saanvi,Sarkar,29509,11/2/88,f,2/9/03,jyebpt4184@example.com
372,Shirley,Rodriguez,97295,10/5/81,f,10/2/99,tzhroo9021@example.edu
373,Sofía,Martínez,95592,9/5/89,t,1/6/15,nxrpgh6509@example.net
374,Wang,Xiulan,44745,4/6/80,f,6/19/14,annqtn2122@example.biz
375,Zhang,Wei,54051,6/25/81,f,10/9/01,mvaxod2757@example.org
376,Alejandro,Rosalez,23700,3/10/61,t,11/23/11,pvhape8580@example.info
377,AnaCarolina,Silva,4080,1/21/79,f,4/22/09,xnbyhp1621@example.eu
378,Arnav,Desai,97039,7/6/74,f,5/16/00,qdgmes2783@example.mobi
379,Carlos,Salazar,35397,8/4/69,t,8/19/04,ccdwrq1154@example.pro
380,Diego,Ramirez,49078,10/25/82,f,4/2/97,vvpmuj5984@example.jobs
381,Jane,Doe,8313,6/10/79,t,4/17/07,puvkkw8521@example.com
382,Jane,Roe,96667,12/7/76,f,9/11/13,lujyvm7318@example.edu
383,John,Doe,86801,4/25/73,t,7/10/07,anwqmh2030@example.net
384,John,Stiles,35302,6/29/64,f,4/19/14,ilrsiz4701@example.biz
385,Jorge,Souza,72708,4/12/90,f,7/25/96,vxrfkz7686@example.org
386,Li,Juan,75752,3/24/75,f,2/28/12,uzhgjj6132@example.info
387,Liu,Jie,77373,1/7/75,t,7/8/03,ytbgik4229@example.eu
388,Márcia,Oliveira,44704,11/21/82,f,7/14/08,aooznc2212@example.mobi
389,María,García,11300,6/12/65,t,10/6/13,dqezml8113@example.pro
390,Martha,Rivera,32114,3/16/74,f,11/17/12,ogbppi1168@example.jobs
391,Mary,Major,76422,7/2/75,f,1/26/16,fxuvsl1121@example.com
392,Mateo,Jackson,88192,9/14/61,f,3/17/98,cjozfm3781@example.edu
393,Nikhil,Jayashankar,97263,3/13/82,f,2/14/05,zjmkkw7955@example.net
394,Paulo,Santos,22906,9/12/80,t,8/29/95,rjhxsh3829@example.biz
395,Richard,Roe,38828,3/9/88,f,11/16/95,rlsvkv4797@example.org
396,Saanvi,Sarkar,51487,6/23/66,t,4/9/98,vkixwn4987@example.info
397,Shirley,Rodriguez,94078,3/30/79,t,2/12/18,ijeenh8054@example.eu
398,Sofía,Martínez,63942,10/12/77,f,8/16/12,nnzhro3386@example.mobi
399,Wang,Xiulan,95772,2/9/83,t,12/27/95,skeyzn2106@example.pro
400,Zhang,Wei,49221,5/29/79,f,4/15/00,cwkmdv5452@example.jobs
401,Alejandro,Rosalez,13767,11/22/84,t,8/27/11,ddcauh3345@example.com
402,AnaCarolina,Silva,55228,5/14/84,f,10/10/15,clzhpa9349@example.edu
403,Arnav,Desai,42110,1/22/84,f,2/9/04,ikmsjw1798@example.net
404,Carlos,Salazar,27501,2/24/68,f,6/9/11,ygbdmj9497@example.biz
405,Diego,Ramirez,52783,6/3/68,f,6/30/15,xwnwee9588@example.org
406,Jane,Doe,81099,10/23/73,t,12/21/96,mkpava4164@example.info
407,Jane,Roe,35160,3/23/77,f,6/13/12,wtprme3467@example.eu
408,John,Doe,96917,6/22/86,f,10/2/96,vtotvi1874@example.mobi
409,John,Stiles,84782,1/6/90,t,10/29/03,lwmbpb5575@example.pro
410,Jorge,Souza,86318,1/16/75,f,12/16/16,fnhuza2216@example.jobs
411,Li,Juan,29179,9/18/68,f,1/3/05,hlrarz6821@example.com
412,Liu,Jie,65455,12/24/83,f,1/5/98,ekrsuh2792@example.edu
413,Márcia,Oliveira,58291,12/9/61,t,10/7/97,ppqebh7449@example.net
414,María,García,48975,5/27/86,t,2/10/18,qemafp4954@example.biz
415,Martha,Rivera,10565,3/8/69,t,6/9/14,rkxsqz6611@example.org
416,Mary,Major,42845,7/22/64,f,1/28/99,hhugle2015@example.info
417,Mateo,Jackson,81398,6/22/81,f,11/28/05,obvolu7221@example.eu
418,Nikhil,Jayashankar,52886,4/17/78,t,4/15/98,nxrxdw9169@example.mobi
419,Paulo,Santos,75423,1/11/79,t,1/6/02,vdxcsq2151@example.pro
420,Richard,Roe,58721,3/13/68,f,6/30/01,pmqkcw1329@example.jobs
421,Saanvi,Sarkar,12965,9/15/76,t,7/11/97,bnevwe1608@example.com
422,Shirley,Rodriguez,6384,6/17/73,f,6/20/16,hngbgd2301@example.edu
423,Sofía,Martínez,91058,1/18/85,f,4/24/07,thfwjj6480@example.net
424,Wang,Xiulan,16203,2/14/85,f,6/23/03,kodzjd6870@example.biz
425,Zhang,Wei,62357,8/21/75,t,7/9/09,ztfddl4709@example.org
426,Alejandro,Rosalez,46258,9/25/78,t,11/15/95,uxwjyc9332@example.info
427,AnaCarolina,Silva,2883,4/18/67,f,3/29/01,qoexyh1665@example.eu
428,Arnav,Desai,98622,8/15/84,t,4/18/96,nvyhgx4659@example.mobi
429,Carlos,Salazar,414,12/7/87,f,2/28/18,jqzddy2420@example.pro
430,Diego,Ramirez,51834,5/16/87,t,11/28/01,prykiy9127@example.jobs
431,Jane,Doe,20279,8/13/67,t,5/8/06,pcnmvn4516@example.com
432,Jane,Roe,77387,8/9/71,t,7/15/01,ignwdq1868@example.edu
433,John,Doe,58443,1/5/72,t,8/9/18,wfnbpn5377@example.net
434,John,Stiles,75648,1/15/65,f,5/29/11,nklcpl3307@example.biz
435,Jorge,Souza,54490,1/10/71,f,1/16/08,vqapvc8678@example.org
436,Li,Juan,67736,12/14/80,t,12/8/99,yqhheu4617@example.info
437,Liu,Jie,47890,3/31/84,f,5/22/96,nxpqet5832@example.eu
438,Márcia,Oliveira,61368,7/25/78,f,5/22/11,munuvz8373@example.mobi
439,María,García,96258,7/17/67,t,4/7/02,psxghe1535@example.pro
440,Martha,Rivera,37549,11/6/87,t,3/30/11,hmkfux9588@example.jobs
441,Mary,Major,80844,9/14/72,t,9/7/97,opgcmp6619@example.com
442,Mateo,Jackson,71192,10/2/79,t,12/1/17,mmybwa7885@example.edu
443,Nikhil,Jayashankar,54199,10/4/64,t,12/19/95,qxtqda9788@example.net
444,Paulo,Santos,18700,1/4/86,f,8/9/15,rdbutc1254@example.biz
445,Richard,Roe,80833,7/1/73,f,1/27/08,ixmrrr1301@example.org
446,Saanvi,Sarkar,94466,6/21/82,f,6/13/04,ttfeck7581@example.info
447,Shirley,Rodriguez,24629,6/23/64,t,3/9/00,etpgqj6224@example.eu
448,Sofía,Martínez,73276,6/28/62,f,6/7/13,bwwwtb6369@example.mobi
449,Wang,Xiulan,89752,10/25/65,f,6/1/99,fwdbnt2789@example.pro
450,Zhang,Wei,2207,8/2/63,t,11/28/01,njlhqf1393@example.jobs
451,Alejandro,Rosalez,20447,9/11/85,f,10/26/16,ghzjdl4203@example.com
452,AnaCarolina,Silva,58133,3/1/65,f,8/15/05,iqmwcp8709@example.edu
453,Arnav,Desai,35409,4/17/74,f,10/6/12,dnnxqb5540@example.net
454,Carlos,Salazar,84013,5/2/71,f,8/2/03,kcpisj5979@example.biz
455,Diego,Ramirez,16284,8/11/87,f,7/9/03,khjxhh2855@example.org
456,Jane,Doe,24718,11/18/68,f,6/18/99,irlgrr3347@example.info
457,Jane,Roe,74574,5/7/79,f,9/12/98,qvcsmq5972@example.eu
458,John,Doe,71343,10/9/63,f,4/27/04,tlwwbr1203@example.mobi
459,John,Stiles,25184,1/7/72,t,4/16/11,kkwmpc7507@example.pro
460,Jorge,Souza,73077,9/3/70,f,11/17/99,tlvrwg8880@example.jobs
461,Li,Juan,76292,3/19/79,f,8/29/02,lfbxjc7031@example.com
462,Liu,Jie,41600,7/3/64,t,10/15/06,ebdvfe2012@example.edu
463,Márcia,Oliveira,66588,11/1/78,t,5/8/09,tcdzuj3062@example.net
464,María,García,88848,11/6/63,f,9/12/13,dvkxpq3808@example.biz
465,Martha,Rivera,20130,8/18/90,t,6/6/04,finzsa4005@example.org
466,Mary,Major,13783,8/27/90,t,10/13/10,voqmgz8030@example.info
467,Mateo,Jackson,30196,3/13/87,t,2/14/98,axjavp4672@example.eu
468,Nikhil,Jayashankar,68754,4/24/88,f,2/11/15,jyorma6871@example.mobi
469,Paulo,Santos,24206,3/12/89,f,12/6/06,zsxfca4841@example.pro
470,Richard,Roe,39046,12/10/81,f,5/30/98,kdjycz7179@example.jobs
471,Saanvi,Sarkar,2649,11/22/87,t,8/12/18,byojrq6340@example.com
472,Shirley,Rodriguez,98460,2/12/74,t,5/19/96,hkrdcp4483@example.edu
473,Sofía,Martínez,84683,3/8/69,t,1/4/06,vhjttx4977@example.net
474,Wang,Xiulan,94938,6/24/65,f,9/15/12,ixokwe7621@example.biz
475,Zhang,Wei,24539,6/28/78,t,3/25/18,vwttay5028@example.org
476,Alejandro,Rosalez,67209,5/14/77,t,5/8/15,qfyomz7646@example.info
477,AnaCarolina,Silva,49326,12/4/86,t,3/23/14,ugmkzh9353@example.eu
478,Arnav,Desai,12384,4/9/69,f,9/19/95,cdpzwt1148@example.mobi
479,Carlos,Salazar,47154,10/10/88,f,7/5/16,knpoew6351@example.pro
480,Diego,Ramirez,99893,3/11/70,t,10/3/96,dzoykn4094@example.jobs
481,Jane,Doe,42314,6/10/71,t,12/15/12,aouwis9416@example.com
482,Jane,Roe,52455,6/29/68,f,7/4/00,ptiicp7540@example.edu
483,John,Doe,31439,4/29/68,f,10/19/17,muvcse5983@example.net
484,John,Stiles,62694,3/1/63,f,7/15/98,ipgbtk2344@example.biz
485,Jorge,Souza,95751,2/11/63,t,7/13/03,lbpayb7006@example.org
486,Li,Juan,42668,7/24/65,t,5/25/08,euosov5921@example.info
487,Liu,Jie,18300,3/27/66,f,12/6/97,iinhza7876@example.eu
488,Márcia,Oliveira,48703,5/4/74,t,11/2/98,xgevqc6653@example.mobi
489,María,García,44976,10/17/86,t,9/24/04,sdktpr8332@example.pro
490,Martha,Rivera,73323,7/27/88,t,1/7/14,kdnggm7388@example.jobs
491,Mary,Major,91370,6/2/80,t,10/28/17,eihjvy5096@example.com
492,Mateo,Jackson,4543,7/23/75,f,3/24/04,jwurqv2274@example.edu
493,Nikhil,Jayashankar,83663,7/25/83,f,8/22/10,agsxwm5429@example.net
494,Paulo,Santos,10493,5/6/62,f,9/21/15,sszkjb2879@example.biz
495,Richard,Roe,84939,9/15/82,t,10/14/11,fcopfh2637@example.org
496,Saanvi,Sarkar,59621,12/11/72,f,2/9/18,yhzxcf4382@example.info
497,Shirley,Rodriguez,98364,12/26/86,t,9/20/09,eayhgd6521@example.eu
498,Sofía,Martínez,70426,4/28/81,t,1/17/08,ybcukb1798@example.mobi
499,Wang,Xiulan,99419,4/1/88,t,10/17/99,axgjrb7201@example.pro
500,Zhang,Wei,21128,12/27/64,t,3/3/15,mbhlgr8697@example.jobs
501,Alejandro,Rosalez,31572,12/5/70,f,1/11/06,qebkpy8533@example.com
502,AnaCarolina,Silva,95713,2/5/71,t,5/26/08,dspvov2986@example.edu
503,Arnav,Desai,1640,9/26/76,t,1/12/04,mcozbx3487@example.net
504,Carlos,Salazar,48560,9/26/88,t,2/5/12,oqezmz3391@example.biz
505,Diego,Ramirez,95592,4/30/87,t,11/22/07,vtcviw5065@example.org
506,Jane,Doe,25147,8/17/87,t,10/14/09,wvdzpz8859@example.info
507,Jane,Roe,36165,10/25/82,f,6/18/95,uzhmvf5815@example.eu
508,John,Doe,59465,3/14/78,f,1/9/98,wlbnpa4561@example.mobi
509,John,Stiles,42721,7/27/64,f,6/19/05,snhgiu7106@example.pro
510,Jorge,Souza,24988,9/18/71,f,8/30/01,foyfxk4876@example.jobs
511,Li,Juan,55502,2/9/73,f,12/15/03,stibqd8102@example.com
512,Liu,Jie,87308,12/31/71,f,1/10/14,mlbjan2478@example.edu
513,Márcia,Oliveira,96603,2/21/66,t,8/28/02,zhyxhc7770@example.net
514,María,García,13989,2/27/73,t,2/22/18,iclxje8871@example.biz
515,Martha,Rivera,33310,10/5/68,f,10/30/15,ajgjfy2733@example.org
516,Mary,Major,29092,9/15/66,f,3/3/97,xopudk3070@example.info
517,Mateo,Jackson,39886,11/27/78,t,10/24/06,gkrnka6996@example.eu
518,Nikhil,Jayashankar,67597,5/30/76,f,2/19/01,vrhekn3634@example.mobi
519,Paulo,Santos,7968,7/3/69,t,7/21/06,rzmcqf3473@example.pro
520,Richard,Roe,94153,6/25/77,f,12/24/99,mbmijf1498@example.jobs
521,Saanvi,Sarkar,14456,11/6/69,t,6/3/11,xnfkhl6226@example.com
522,Shirley,Rodriguez,98090,8/28/61,t,4/30/98,hfoufi1237@example.edu
523,Sofía,Martínez,7158,2/10/80,t,3/24/96,vksipq4233@example.net
524,Wang,Xiulan,72150,8/8/82,f,8/13/98,dihytt1848@example.biz
525,Zhang,Wei,88742,3/20/83,f,4/13/99,akokvq5495@example.org
526,Alejandro,Rosalez,53459,10/31/86,f,12/12/00,tpqdnl1391@example.info
527,AnaCarolina,Silva,55505,6/2/69,t,10/15/95,yftilm2341@example.eu
528,Arnav,Desai,71984,12/30/88,t,6/5/07,pdkbkn3689@example.mobi
529,Carlos,Salazar,69329,12/9/72,f,6/20/11,ntnplx6254@example.pro
530,Diego,Ramirez,59675,10/20/69,t,9/23/08,wicfwn7011@example.jobs
531,Jane,Doe,33861,11/12/62,t,1/23/11,canpiv6851@example.com
532,Jane,Roe,17181,6/8/90,t,8/27/08,vtmexc2589@example.edu
533,John,Doe,4812,6/21/64,t,5/17/15,yejyug6890@example.net
534,John,Stiles,55116,6/6/68,t,10/15/02,vaidmc4392@example.biz
535,Jorge,Souza,82157,10/2/76,t,2/18/97,xwlzdf3588@example.org
536,Li,Juan,72184,4/26/74,t,12/26/01,pfvneb7829@example.info
537,Liu,Jie,99521,8/29/67,f,2/1/17,qccnpe2929@example.eu
538,Márcia,Oliveira,94452,12/15/69,t,6/20/99,hobyof6017@example.mobi
539,María,García,89395,3/30/70,t,12/9/15,hfvzit1768@example.pro
540,Martha,Rivera,99854,1/24/89,f,1/10/97,rylyjs3625@example.jobs
541,Mary,Major,14835,1/13/78,f,6/5/13,rexomv9220@example.com
542,Mateo,Jackson,98954,2/6/86,t,7/8/95,evxjxu9380@example.edu
543,Nikhil,Jayashankar,42084,10/16/77,f,9/9/08,poihue9259@example.net
544,Paulo,Santos,85191,9/12/65,t,4/12/15,qcmtie7094@example.biz
545,Richard,Roe,95664,9/19/76,f,6/16/98,xjhbgb4649@example.org
546,Saanvi,Sarkar,30355,3/24/76,t,4/8/97,gjzsjl1932@example.info
547,Shirley,Rodriguez,64685,6/27/73,t,2/6/02,gekfsi3444@example.eu
548,Sofía,Martínez,90567,6/18/77,t,12/22/17,seasax7485@example.mobi
549,Wang,Xiulan,40299,3/3/88,f,10/2/06,iuieea3460@example.pro
550,Zhang,Wei,10585,4/19/73,f,10/5/06,beuosq6487@example.jobs
551,Alejandro,Rosalez,46705,4/15/77,f,11/24/03,oxwzdt7675@example.com
552,AnaCarolina,Silva,48165,9/1/62,f,9/25/96,ajqfpf3347@example.edu
553,Arnav,Desai,53437,10/7/74,t,7/4/06,gjdkne6446@example.net
554,Carlos,Salazar,83738,12/14/60,f,11/12/14,nkswez4224@example.biz
555,Diego,Ramirez,19499,10/4/62,t,9/16/06,xxshut8647@example.org
556,Jane,Doe,83377,7/19/82,t,12/13/01,bwroxm1793@example.info
557,Jane,Roe,5733,10/22/88,t,9/16/16,rcijxv5231@example.eu
558,John,Doe,61274,9/4/90,t,5/18/96,oabspw5858@example.mobi
559,John,Stiles,72623,9/29/64,f,12/28/07,xwyhzx5498@example.pro
560,Jorge,Souza,76914,11/8/72,f,9/5/06,tukqap6813@example.jobs
561,Li,Juan,66098,8/11/80,f,9/1/15,cztvze5052@example.com
562,Liu,Jie,47151,7/4/89,t,7/31/14,ulbbcs1896@example.edu
563,Márcia,Oliveira,20972,10/7/88,f,6/15/02,ojlgcu1634@example.net
564,María,García,20284,11/23/70,t,1/10/13,hllbza3436@example.biz
565,Martha,Rivera,30176,5/18/89,t,5/25/03,rqqqpv4117@example.org
566,Mary,Major,51633,4/27/76,f,7/11/14,vwudyc5918@example.info
567,Mateo,Jackson,53594,4/1/89,t,8/19/96,twcghh8602@example.eu
568,Nikhil,Jayashankar,55324,3/31/73,f,3/24/96,neagil6123@example.mobi
569,Paulo,Santos,79057,9/3/74,t,2/28/16,jxfuom1657@example.pro
570,Richard,Roe,16477,6/18/90,f,9/11/02,yzpgeg8414@example.jobs
571,Saanvi,Sarkar,66672,2/9/75,f,6/25/07,shhxeq9427@example.com
572,Shirley,Rodriguez,90317,4/7/86,f,4/25/06,vkekik9740@example.edu
573,Sofía,Martínez,41102,10/20/89,t,6/4/03,fqtuqj5028@example.net
574,Wang,Xiulan,36862,6/20/67,f,6/1/03,alhdlx4489@example.biz
575,Zhang,Wei,58305,1/25/69,t,3/5/04,wtcrqj8297@example.org
576,Alejandro,Rosalez,39158,12/22/82,f,10/6/17,mxpnto9857@example.info
577,AnaCarolina,Silva,41421,2/24/73,f,7/26/01,fwwwdj6786@example.eu
578,Arnav,Desai,35665,6/23/63,t,12/24/06,ouvyln8054@example.mobi
579,Carlos,Salazar,45384,8/23/66,t,7/14/16,opitha9204@example.pro
580,Diego,Ramirez,86005,3/5/69,t,2/16/13,wdlgbq7526@example.jobs
581,Jane,Doe,68084,12/24/77,f,12/13/16,stbwwq1802@example.com
582,Jane,Roe,47084,5/23/81,t,12/21/01,ozmtxv8102@example.edu
583,John,Doe,6511,9/16/67,t,4/10/99,rbonwd1295@example.net
584,John,Stiles,95416,11/13/89,f,11/1/02,rybhok5225@example.biz
585,Jorge,Souza,25537,1/20/72,t,9/30/99,nqnata4620@example.org
586,Li,Juan,39371,1/7/86,t,6/17/10,vhjjlg1896@example.info
587,Liu,Jie,14513,2/19/68,f,1/5/00,fojwzj3871@example.eu
588,Márcia,Oliveira,30403,11/21/65,t,11/15/11,oalvhf4998@example.mobi
589,María,García,62796,9/22/62,t,5/1/97,jqennn3278@example.pro
590,Martha,Rivera,88127,11/11/61,t,8/19/04,hxfojw7998@example.jobs
591,Mary,Major,57594,1/24/82,f,7/31/16,xrigzx6843@example.com
592,Mateo,Jackson,86394,2/3/77,f,5/17/07,ayhzkf7479@example.edu
593,Nikhil,Jayashankar,51287,9/26/67,t,11/23/16,zcekxt8219@example.net
594,Paulo,Santos,976,9/18/81,t,5/8/00,dtflpb6196@example.biz
595,Richard,Roe,42418,2/6/64,f,1/22/10,zggqyv8528@example.org
596,Saanvi,Sarkar,74792,11/12/84,f,12/12/08,cgixyp4134@example.info
597,Shirley,Rodriguez,74160,11/30/64,f,6/6/07,kyprja9664@example.eu
598,Sofía,Martínez,84039,4/6/70,f,5/1/05,rndqkz6476@example.mobi
599,Wang,Xiulan,70458,9/28/77,t,10/15/02,vgibql4231@example.pro
600,Zhang,Wei,56815,7/15/72,t,9/25/17,bnzavx2016@example.jobs
601,Alejandro,Rosalez,73799,7/14/78,t,9/13/09,cjixkq8608@example.com
602,AnaCarolina,Silva,42696,3/22/64,f,7/1/05,htuxwx1138@example.edu
603,Arnav,Desai,91110,10/11/87,t,9/5/95,ofpmfj5920@example.net
604,Carlos,Salazar,70298,7/16/72,t,1/22/00,jgpgrg4486@example.biz
605,Diego,Ramirez,9020,10/19/61,t,11/11/98,binqyh9634@example.org
606,Jane,Doe,47945,6/23/90,t,10/8/04,jbvoay5708@example.info
607,Jane,Roe,8410,9/6/78,f,4/1/03,zjizre1954@example.eu
608,John,Doe,5401,3/15/90,f,3/11/13,eybaan4409@example.mobi
609,John,Stiles,58908,11/30/78,f,4/3/95,omecfb4579@example.pro
610,Jorge,Souza,21120,2/2/76,t,6/18/09,bpyodu6164@example.jobs
611,Li,Juan,70018,11/27/82,f,12/16/03,rkoeii6694@example.com
612,Liu,Jie,50524,5/25/78,f,6/4/02,uiomct3766@example.edu
613,Márcia,Oliveira,9778,6/18/62,t,7/18/01,xotmpv7397@example.net
614,María,García,94031,4/27/78,t,2/25/14,oreejz5652@example.biz
615,Martha,Rivera,46317,12/4/86,f,8/23/10,jfdlxj9019@example.org
616,Mary,Major,45400,7/12/89,t,4/4/98,rojokq6760@example.info
617,Mateo,Jackson,12094,9/19/73,t,3/8/13,mqpjcd7224@example.eu
618,Nikhil,Jayashankar,84476,5/21/82,t,7/19/13,flczpp6710@example.mobi
619,Paulo,Santos,21494,5/5/67,t,6/10/04,zupcju1980@example.pro
620,Richard,Roe,64026,2/8/65,f,1/7/13,wwyktx6204@example.jobs
621,Saanvi,Sarkar,78849,4/2/90,t,4/22/17,zjwmfg7677@example.com
622,Shirley,Rodriguez,63095,11/9/87,t,7/15/95,zetixr7205@example.edu
623,Sofía,Martínez,8579,7/23/69,t,3/5/06,tedjus7458@example.net
624,Wang,Xiulan,22625,1/20/72,t,11/14/02,khiiwm6471@example.biz
625,Zhang,Wei,4810,5/7/67,t,10/12/05,pcebvv8312@example.org
626,Alejandro,Rosalez,66844,11/25/61,f,5/24/08,vgtvpm8366@example.info
627,AnaCarolina,Silva,18432,8/9/80,f,10/6/95,uuzmri2250@example.eu
628,Arnav,Desai,68094,12/13/75,f,8/11/15,exwglf7468@example.mobi
629,Carlos,Salazar,10067,12/15/66,t,9/9/03,tajsnm3073@example.pro
630,Diego,Ramirez,31561,6/5/78,f,3/9/16,dizunm8146@example.jobs
631,Jane,Doe,11861,12/12/86,t,10/26/06,zdmelr9735@example.com
632,Jane,Roe,49565,11/1/82,t,2/11/11,ypwfxe8713@example.edu
633,John,Doe,32450,3/17/76,f,3/17/09,axfcqe5830@example.net
634,John,Stiles,9395,1/17/77,f,11/13/96,zkaamz1587@example.biz
635,Jorge,Souza,20519,3/12/80,f,8/25/01,thaubd6936@example.org
636,Li,Juan,461,6/25/68,t,7/9/08,owclzy1588@example.info
637,Liu,Jie,62225,6/11/62,t,9/23/03,edfgfq5535@example.eu
638,Márcia,Oliveira,18518,12/23/61,f,2/24/01,kuxrsk9923@example.mobi
639,María,García,89987,7/18/61,t,3/6/99,pubfif5465@example.pro
640,Martha,Rivera,57140,1/24/64,t,2/2/08,bfnnnq7203@example.jobs
641,Mary,Major,30615,1/27/67,f,5/28/17,cbdmhz9012@example.com
642,Mateo,Jackson,87989,12/6/68,f,7/4/09,vuruyu2720@example.edu
643,Nikhil,Jayashankar,29262,9/12/86,t,4/14/04,vtjypt1890@example.net
644,Paulo,Santos,3879,11/20/70,t,12/4/01,jozhrq2979@example.biz
645,Richard,Roe,22333,3/1/61,t,10/25/05,mygnni6506@example.org
646,Saanvi,Sarkar,34892,12/10/80,f,3/10/05,swcsqd2415@example.info
647,Shirley,Rodriguez,53481,3/19/81,t,2/24/16,grkhhm8593@example.eu
648,Sofía,Martínez,88924,9/22/85,f,12/11/07,ieqogv7791@example.mobi
649,Wang,Xiulan,55122,6/18/88,t,11/2/00,mhiuds4578@example.pro
650,Zhang,Wei,53481,7/25/85,f,1/2/16,morfqa4553@example.jobs
651,Alejandro,Rosalez,13785,2/24/79,t,2/27/06,vkkbof5361@example.com
652,AnaCarolina,Silva,34773,9/3/70,t,5/31/15,hjattx1137@example.edu
653,Arnav,Desai,795,3/17/89,t,7/21/09,ecvnaf5096@example.net
654,Carlos,Salazar,54011,5/13/63,t,4/23/18,iupcsf7869@example.biz
655,Diego,Ramirez,85636,5/29/66,t,10/17/10,lvvggw6982@example.org
656,Jane,Doe,53628,6/22/88,f,3/1/18,vtawfr3585@example.info
657,Jane,Roe,5870,8/31/80,f,5/16/99,bxemip1549@example.eu
658,John,Doe,6007,6/13/77,t,12/9/07,dhejap5824@example.mobi
659,John,Stiles,52004,11/10/82,f,2/23/02,kycpsw4396@example.pro
660,Jorge,Souza,92255,8/9/65,f,10/18/11,zctnuq4614@example.jobs
661,Li,Juan,47311,1/3/62,f,2/21/04,vnbzaj8122@example.com
662,Liu,Jie,16675,3/5/89,f,4/19/95,bcwaub1713@example.edu
663,Márcia,Oliveira,86816,8/23/89,f,10/23/09,mliyyh7247@example.net
664,María,García,12017,12/9/62,f,7/30/07,isrpxn3308@example.biz
665,Martha,Rivera,94726,8/1/75,t,11/1/13,qgjrdo7244@example.org
666,Mary,Major,12551,2/25/63,f,3/7/15,pcrvdn1124@example.info
667,Mateo,Jackson,67115,1/16/84,t,8/1/96,slqboc9249@example.eu
668,Nikhil,Jayashankar,1378,8/3/89,t,5/24/99,yismel9665@example.mobi
669,Paulo,Santos,58863,8/24/66,f,8/5/04,ghqeei5394@example.pro
670,Richard,Roe,9010,11/22/68,t,4/30/10,yyepex8335@example.jobs
671,Saanvi,Sarkar,5270,7/10/69,f,8/17/06,zrklhl8540@example.com
672,Shirley,Rodriguez,23917,2/8/70,f,9/20/16,mpaatz3096@example.edu
673,Sofía,Martínez,38866,9/30/87,f,9/17/03,miopad1888@example.net
674,Wang,Xiulan,51589,4/23/80,t,12/4/95,fiowrx8312@example.biz
675,Zhang,Wei,51545,3/1/75,t,10/1/03,sbpdlq9026@example.org
676,Alejandro,Rosalez,53013,4/13/69,f,4/18/11,lgrley5094@example.info
677,AnaCarolina,Silva,11334,12/13/84,t,6/11/02,ybtide9229@example.eu
678,Arnav,Desai,370,4/12/88,t,3/19/08,ieiohu5270@example.mobi
679,Carlos,Salazar,76807,4/21/69,f,11/29/09,rqqdwy8161@example.pro
680,Diego,Ramirez,68520,11/30/71,t,6/11/04,aroacq6581@example.jobs
681,Jane,Doe,20117,10/21/76,t,1/27/06,odixmb7348@example.com
682,Jane,Roe,10373,10/13/79,f,11/22/98,pkmovv3032@example.edu
683,John,Doe,21158,9/22/60,t,9/26/01,exvqbo8325@example.net
684,John,Stiles,15623,7/17/86,f,3/16/08,eunwre5568@example.biz
685,Jorge,Souza,27900,4/24/63,f,1/24/16,mxfnfc5859@example.org
686,Li,Juan,68621,4/20/72,f,1/9/09,eyjggb5573@example.info
687,Liu,Jie,55494,3/18/87,f,3/18/10,osrasx7804@example.eu
688,Márcia,Oliveira,58850,8/8/66,t,11/14/13,zzjbzf8874@example.mobi
689,María,García,46569,4/1/63,f,9/16/06,fsxilj6421@example.pro
690,Martha,Rivera,54844,7/18/84,f,2/23/05,twuceu4689@example.jobs
691,Mary,Major,64774,11/18/89,f,10/17/16,znehzu9505@example.com
692,Mateo,Jackson,34654,12/26/81,f,2/5/05,yckhzo1728@example.edu
693,Nikhil,Jayashankar,18781,8/21/86,t,3/21/99,szuiqe5318@example.net
694,Paulo,Santos,70762,1/15/88,t,8/8/13,rcaxai8858@example.biz
695,Richard,Roe,26532,1/27/83,f,11/17/09,cbvgdk4023@example.org
696,Saanvi,Sarkar,38704,3/1/86,f,7/19/15,kjhogz2079@example.info
697,Shirley,Rodriguez,57419,4/10/67,t,6/8/95,roloin4895@example.eu
698,Sofía,Martínez,76969,8/5/80,t,11/4/00,tgyxtr5185@example.mobi
699,Wang,Xiulan,63503,9/16/68,f,9/23/00,jtgwtj3240@example.pro
700,Zhang,Wei,60642,8/8/84,f,8/24/01,lsvjhk7827@example.jobs
701,Alejandro,Rosalez,88526,11/10/78,t,2/4/11,lwkfvc1804@example.com
702,AnaCarolina,Silva,68574,2/27/90,f,4/26/14,ywpobl2556@example.edu
703,Arnav,Desai,93978,7/14/84,f,11/6/01,agflpg7930@example.net
704,Carlos,Salazar,35479,11/9/67,f,11/19/06,debbst2426@example.biz
705,Diego,Ramirez,73480,9/6/82,t,8/18/18,mrlwwc2133@example.org
706,Jane,Doe,47856,10/31/73,t,8/2/08,hwpueo3429@example.info
707,Jane,Roe,92143,12/8/76,t,3/14/03,qsjuov4241@example.eu
708,John,Doe,99651,7/10/72,f,7/18/08,jmirue7121@example.mobi
709,John,Stiles,9573,9/1/69,t,11/5/98,vwqwnx1219@example.pro
710,Jorge,Souza,62868,6/10/70,f,11/7/10,lvysoz7046@example.jobs
711,Li,Juan,19890,8/23/83,t,4/28/05,afyktn7668@example.com
712,Liu,Jie,58139,1/3/87,t,9/29/01,oqqtpc7060@example.edu
713,Márcia,Oliveira,99769,11/27/76,f,12/12/12,jyqyiz1891@example.net
714,María,García,44703,1/13/75,f,3/11/09,hukmsx4408@example.biz
715,Martha,Rivera,16817,1/18/71,t,4/12/12,ffraht6381@example.org
716,Mary,Major,12468,11/7/81,t,11/12/01,fumpbe4257@example.info
717,Mateo,Jackson,81163,7/5/73,t,7/8/15,qfsfdj3885@example.eu
718,Nikhil,Jayashankar,1854,3/13/81,f,4/4/18,xpyqsr4933@example.mobi
719,Paulo,Santos,10680,2/15/79,t,12/25/95,anbdfv7504@example.pro
720,Richard,Roe,30432,6/28/73,f,3/9/17,wmhfba9929@example.jobs
721,Saanvi,Sarkar,22302,10/8/70,f,9/22/08,wppesr2099@example.com
722,Shirley,Rodriguez,44385,2/11/63,t,9/29/16,wdiiwi4574@example.edu
723,Sofía,Martínez,89162,12/25/70,t,5/7/09,sqzwcl3692@example.net
724,Wang,Xiulan,22211,5/11/75,f,3/25/12,fnapht1896@example.biz
725,Zhang,Wei,79874,3/12/88,t,6/14/08,nrgxpc8863@example.org
726,Alejandro,Rosalez,38242,2/20/63,t,10/3/95,aanypc6973@example.info
727,AnaCarolina,Silva,44106,8/13/69,t,1/29/14,bargrm2182@example.eu
728,Arnav,Desai,53621,2/18/67,t,5/29/10,vtnevx2676@example.mobi
729,Carlos,Salazar,51675,11/14/88,f,10/26/96,dcsyyn5170@example.pro
730,Diego,Ramirez,28954,4/5/77,f,9/20/00,ovtlbu8965@example.jobs
731,Jane,Doe,18868,8/24/62,t,8/26/18,dgbyun1839@example.com
732,Jane,Roe,55874,2/14/63,t,8/19/99,adjkks8057@example.edu
733,John,Doe,49633,6/4/87,f,3/10/17,nxubeu6125@example.net
734,John,Stiles,82016,3/29/67,t,8/18/05,tklgoy2309@example.biz
735,Jorge,Souza,98956,1/23/87,t,11/30/10,ypebey4529@example.org
736,Li,Juan,84859,8/3/81,f,12/24/98,qtpqvs2743@example.info
737,Liu,Jie,50908,6/29/74,f,12/29/07,bphkea3269@example.eu
738,Márcia,Oliveira,22838,10/22/82,f,7/13/15,wccjtf4169@example.mobi
739,María,García,48228,5/24/62,f,3/24/08,hwvqtu9245@example.pro
740,Martha,Rivera,26978,12/24/80,f,5/25/01,fknkdw9838@example.jobs
741,Mary,Major,81187,3/7/74,f,3/28/99,grihfi3331@example.com
742,Mateo,Jackson,33426,7/12/61,t,8/30/08,zomagd1598@example.edu
743,Nikhil,Jayashankar,72060,3/10/67,f,4/9/15,xppvqy2196@example.net
744,Paulo,Santos,91011,7/8/78,t,5/28/13,rfjbxf7579@example.biz
745,Richard,Roe,6813,2/21/77,f,8/17/11,kumtzw6342@example.org
746,Saanvi,Sarkar,84364,9/8/71,t,12/16/14,spvljt5820@example.info
747,Shirley,Rodriguez,6722,1/25/62,f,1/1/00,fsnmbi8798@example.eu
748,Sofía,Martínez,57818,6/21/67,t,5/8/99,fqyitv2463@example.mobi
749,Wang,Xiulan,80832,6/23/62,f,7/11/04,tuwrxw8958@example.pro
750,Zhang,Wei,70010,4/26/71,f,10/19/17,qoptki4544@example.jobs
751,Alejandro,Rosalez,64456,4/18/70,f,6/4/96,ikmtsp5987@example.com
752,AnaCarolina,Silva,52887,4/18/83,f,7/29/18,oodgyz9200@example.edu
753,Arnav,Desai,81029,11/23/81,f,11/24/11,dmeiek5111@example.net
754,Carlos,Salazar,64839,11/2/63,t,12/13/00,fhiirq2865@example.biz
755,Diego,Ramirez,41664,1/22/90,t,5/24/11,hyyjrh9763@example.org
756,Jane,Doe,48645,10/20/84,t,10/8/10,ahltkz2648@example.info
757,Jane,Roe,35555,3/5/69,t,12/12/06,aztynm2884@example.eu
758,John,Doe,81336,3/1/73,f,2/27/11,kgbcnq2448@example.mobi
759,John,Stiles,89181,5/12/72,t,9/26/99,axdsuy4810@example.pro
760,Jorge,Souza,5464,7/24/83,t,10/2/06,gqdcgl5354@example.jobs
761,Li,Juan,67183,11/20/61,t,1/30/99,rqfaoz6715@example.com
762,Liu,Jie,97221,6/15/75,t,7/9/95,amhvrh5530@example.edu
763,Márcia,Oliveira,87590,4/18/77,f,12/2/15,qnwray3295@example.net
764,María,García,31145,6/25/68,t,4/1/17,wfdxhv4119@example.biz
765,Martha,Rivera,17098,9/22/79,f,4/19/99,ajudut8282@example.org
766,Mary,Major,93780,11/24/72,t,5/4/06,xfalgl5845@example.info
767,Mateo,Jackson,25967,12/27/60,t,5/12/01,aldqiz1516@example.eu
768,Nikhil,Jayashankar,83181,2/9/77,f,12/20/16,mfonnk8777@example.mobi
769,Paulo,Santos,48641,7/11/85,f,1/12/96,dkejpz6988@example.pro
770,Richard,Roe,24825,9/15/74,f,5/29/15,fomwdt2158@example.jobs
771,Saanvi,Sarkar,51821,8/24/68,f,12/15/02,ztaqiz4973@example.com
772,Shirley,Rodriguez,41146,1/8/80,f,5/16/00,arjtjo8179@example.edu
773,Sofía,Martínez,16445,10/19/87,t,9/1/96,ghvavu6408@example.net
774,Wang,Xiulan,17177,11/28/78,f,4/2/15,gklnoc2835@example.biz
775,Zhang,Wei,62014,7/16/79,f,2/7/99,tjwcjg9842@example.org
776,Alejandro,Rosalez,49600,6/8/81,t,12/26/12,zpzwvp4379@example.info
777,AnaCarolina,Silva,73627,1/3/81,f,8/8/95,vawlyk8659@example.eu
778,Arnav,Desai,25656,6/25/79,f,9/8/01,jcqznz5457@example.mobi
779,Carlos,Salazar,96114,9/25/84,t,7/25/97,jovngc7748@example.pro
780,Diego,Ramirez,49251,3/4/87,t,7/27/15,cabjrg4592@example.jobs
781,Jane,Doe,71361,5/31/76,f,3/12/08,rohgmm5513@example.com
782,Jane,Roe,84085,3/12/66,f,7/9/10,ejazzz1702@example.edu
783,John,Doe,22992,1/5/76,t,11/26/11,omtjrf9954@example.net
784,John,Stiles,50713,11/14/72,f,9/22/12,cxjhun2208@example.biz
785,Jorge,Souza,77615,9/4/68,f,11/6/11,tizril1261@example.org
786,Li,Juan,24617,4/14/78,f,5/22/96,ukbahl7751@example.info
787,Liu,Jie,8768,8/10/62,f,10/23/14,wimrgc1903@example.eu
788,Márcia,Oliveira,73507,11/14/72,f,10/31/13,xlhfbn3303@example.mobi
789,María,García,32202,4/21/84,t,1/18/18,srimdj5716@example.pro
790,Martha,Rivera,97049,11/1/85,t,3/28/11,gvckbp2476@example.jobs
791,Mary,Major,82321,1/12/63,f,12/24/11,chafrv2380@example.com
792,Mateo,Jackson,34416,2/27/61,f,10/18/15,puvdpv4683@example.edu
793,Nikhil,Jayashankar,12610,3/23/62,f,2/21/13,htfewk5369@example.net
794,Paulo,Santos,93242,4/12/72,f,12/24/00,jpccjj1927@example.biz
795,Richard,Roe,80344,11/19/84,f,9/12/99,senvip4676@example.org
796,Saanvi,Sarkar,50673,10/1/85,f,9/5/99,ylhihj1198@example.info
797,Shirley,Rodriguez,29730,4/5/63,f,9/5/98,batsgv7046@example.eu
798,Sofía,Martínez,86394,3/24/84,t,10/3/95,jyhyal2535@example.mobi
799,Wang,Xiulan,67853,10/1/62,t,11/26/06,vqpskk8133@example.pro
800,Zhang,Wei,32963,1/11/64,t,6/8/17,otswjz4173@example.jobs
801,Alejandro,Rosalez,96828,2/27/68,t,5/13/16,dxvlpu3659@example.com
802,AnaCarolina,Silva,80341,10/29/71,f,2/27/98,gzuocr4407@example.edu
803,Arnav,Desai,28429,10/4/68,f,10/22/97,cmocpr2058@example.net
804,Carlos,Salazar,74999,5/19/75,f,1/20/07,meiisd2008@example.biz
805,Diego,Ramirez,94051,9/12/63,t,7/8/08,hhioqi8952@example.org
806,Jane,Doe,53457,7/22/90,t,5/27/97,idaedw1190@example.info
807,Jane,Roe,95138,12/19/87,f,8/10/98,sukctb5377@example.eu
808,John,Doe,36043,9/6/82,f,10/4/00,gxynwz1743@example.mobi
809,John,Stiles,25879,2/21/70,t,3/27/03,htbtye6734@example.pro
810,Jorge,Souza,68799,2/6/76,f,9/30/96,olahro8946@example.jobs
811,Li,Juan,11971,10/21/72,f,10/3/17,doffet2250@example.com
812,Liu,Jie,43307,9/24/80,t,2/7/13,vssfrp4566@example.edu
813,Márcia,Oliveira,98368,8/14/81,t,6/12/10,hfqomc8441@example.net
814,María,García,22080,7/31/80,t,4/7/16,iuqoqp5676@example.biz
815,Martha,Rivera,28913,11/16/79,t,9/3/01,uwnguw7743@example.org
816,Mary,Major,67921,8/3/86,f,12/6/03,hwenxl9168@example.info
817,Mateo,Jackson,58446,2/25/62,t,11/11/13,vbmkja8946@example.eu
818,Nikhil,Jayashankar,11678,4/4/85,f,8/13/08,prcmpt3435@example.mobi
819,Paulo,Santos,79306,10/29/79,f,6/30/01,sloitc9919@example.pro
820,Richard,Roe,26200,5/8/63,t,6/16/01,mhtnsa6225@example.jobs
821,Saanvi,Sarkar,67563,12/16/89,f,3/26/16,wxveap6681@example.com
822,Shirley,Rodriguez,43133,12/8/75,f,6/1/07,gvcuih1962@example.edu
823,Sofía,Martínez,92050,8/17/61,f,11/28/16,vriqov1762@example.net
824,Wang,Xiulan,78241,10/24/63,t,2/21/06,prwrhq2804@example.biz
825,Zhang,Wei,40179,6/15/85,f,12/10/17,mzxdsl5063@example.org
826,Alejandro,Rosalez,45632,6/30/76,f,3/18/14,vazjeu3959@example.info
827,AnaCarolina,Silva,46064,7/2/61,t,9/15/17,kelqsv9450@example.eu
828,Arnav,Desai,29913,7/24/85,t,9/29/11,qpnhtz3372@example.mobi
829,Carlos,Salazar,38449,5/21/83,f,5/9/14,oiuscc2488@example.pro
830,Diego,Ramirez,286,5/14/63,f,9/7/14,wnmtdy4194@example.jobs
831,Jane,Doe,47999,1/26/82,t,4/29/00,qfhyig6691@example.com
832,Jane,Roe,31602,11/25/78,t,12/25/17,wasoxv6828@example.edu
833,John,Doe,15481,9/14/82,t,7/24/95,igoekk2249@example.net
834,John,Stiles,98652,9/16/74,t,5/31/07,cfdwfs8959@example.biz
835,Jorge,Souza,68861,1/25/86,f,12/15/97,cyrsat4524@example.org
836,Li,Juan,86677,12/26/84,t,12/14/97,jqmgbg8273@example.info
837,Liu,Jie,79723,7/13/69,f,2/21/05,gzfxbz9587@example.eu
838,Márcia,Oliveira,7776,10/6/67,f,10/24/01,pjwnco6512@example.mobi
839,María,García,53831,11/17/80,f,7/4/95,fguaop3716@example.pro
840,Martha,Rivera,65223,7/13/73,f,2/11/00,atodnb7736@example.jobs
841,Mary,Major,81982,9/4/65,t,12/1/08,oazsee5097@example.com
842,Mateo,Jackson,46141,1/15/84,f,1/3/04,msuyya9532@example.edu
843,Nikhil,Jayashankar,26529,5/12/81,t,6/24/98,ocycvl9760@example.net
844,Paulo,Santos,36389,6/12/88,t,11/13/97,doxlmf2822@example.biz
845,Richard,Roe,67896,7/5/81,t,6/9/99,ydfucj8909@example.org
846,Saanvi,Sarkar,73821,2/5/80,t,7/4/12,oxtdpw1127@example.info
847,Shirley,Rodriguez,10873,10/7/68,t,12/10/09,ixfbmn3787@example.eu
848,Sofía,Martínez,96943,1/4/82,t,3/26/97,ixtssb7509@example.mobi
849,Wang,Xiulan,42643,7/7/73,f,12/15/01,wvrjaw8586@example.pro
850,Zhang,Wei,64047,6/23/79,f,11/19/15,fbdrhc4188@example.jobs
851,Alejandro,Rosalez,92305,5/19/64,t,8/2/12,xpbsna8524@example.com
852,AnaCarolina,Silva,85603,7/24/85,f,10/25/17,wsezpv6840@example.edu
853,Arnav,Desai,54710,11/4/74,f,11/19/01,tnioho6868@example.net
854,Carlos,Salazar,16276,7/30/80,f,8/18/96,xzuxwg2891@example.biz
855,Diego,Ramirez,49263,8/28/65,f,3/5/11,poffhm8489@example.org
856,Jane,Doe,58260,5/6/62,f,8/11/18,qgudcc1673@example.info
857,Jane,Roe,37271,2/13/73,t,8/2/07,msbsah1469@example.eu
858,John,Doe,43925,1/20/73,t,6/19/06,vnvpir1985@example.mobi
859,John,Stiles,62033,3/8/88,t,5/25/95,fkdxaw7534@example.pro
860,Jorge,Souza,40061,2/12/65,f,3/12/16,atjmal7217@example.jobs
861,Li,Juan,8223,5/29/66,t,11/8/02,imsyqr5294@example.com
862,Liu,Jie,37092,8/1/72,t,4/30/09,faxjkd4127@example.edu
863,Márcia,Oliveira,22564,12/21/88,f,4/30/17,eyphzs2823@example.net
864,María,García,58009,11/20/64,f,8/17/01,nexlmh3209@example.biz
865,Martha,Rivera,66296,12/1/87,f,8/8/10,tvvuzg2360@example.org
866,Mary,Major,42981,12/28/80,t,3/30/99,pcuwma5361@example.info
867,Mateo,Jackson,51786,1/10/80,f,11/15/14,domfyc6800@example.eu
868,Nikhil,Jayashankar,84376,8/8/82,t,6/25/15,kxvbwy1712@example.mobi
869,Paulo,Santos,61737,8/7/65,f,12/30/14,lecxhz7001@example.pro
870,Richard,Roe,7304,2/5/77,f,9/22/08,ofswkh2224@example.jobs
871,Saanvi,Sarkar,6414,5/6/70,t,1/8/17,otedqj9440@example.com
872,Shirley,Rodriguez,65332,12/8/85,f,5/25/95,qgcvxp4086@example.edu
873,Sofía,Martínez,3721,2/11/65,t,3/2/17,iktrif8701@example.net
874,Wang,Xiulan,21634,5/18/89,t,1/28/02,sdwpvc4190@example.biz
875,Zhang,Wei,39928,3/31/85,f,2/4/11,qmpagi7080@example.org
876,Alejandro,Rosalez,14136,12/20/60,f,9/12/06,urykty5140@example.info
877,AnaCarolina,Silva,80254,3/9/80,f,8/3/17,smejpp4974@example.eu
878,Arnav,Desai,69639,9/13/65,f,6/7/99,mthmvy1732@example.mobi
879,Carlos,Salazar,31838,5/21/71,f,4/27/18,toqdia3476@example.pro
880,Diego,Ramirez,82682,4/8/75,f,10/5/00,xrigni3675@example.jobs
881,Jane,Doe,83643,11/30/81,f,7/22/03,iigxjg8684@example.com
882,Jane,Roe,66378,12/26/68,f,10/18/99,gekytg5218@example.edu
883,John,Doe,28182,12/27/60,t,11/6/02,yksjav7382@example.net
884,John,Stiles,19869,5/27/78,f,10/10/04,jgfpxa9988@example.biz
885,Jorge,Souza,85090,5/18/66,f,11/7/16,ulrjgi1167@example.org
886,Li,Juan,64387,8/17/63,f,9/12/17,wqcmyn4759@example.info
887,Liu,Jie,88924,11/21/85,f,7/8/17,kfeeju6337@example.eu
888,Márcia,Oliveira,5672,11/30/64,f,10/13/06,kjevrc2485@example.mobi
889,María,García,56877,6/22/76,t,8/28/11,gwgdur5569@example.pro
890,Martha,Rivera,49400,3/29/84,t,5/5/17,jqtrgo7193@example.jobs
891,Mary,Major,45014,3/5/90,f,1/5/10,cswddp4704@example.com
892,Mateo,Jackson,68887,6/8/70,t,5/9/03,qgoukq4610@example.edu
893,Nikhil,Jayashankar,1420,1/7/89,t,9/12/01,ahfkil1693@example.net
894,Paulo,Santos,29605,2/19/67,t,1/6/09,wsaenc9755@example.biz
895,Richard,Roe,91772,10/11/74,f,12/1/16,dysnyr8649@example.org
896,Saanvi,Sarkar,48463,8/1/75,t,12/20/06,rpcuqr6775@example.info
897,Shirley,Rodriguez,68311,10/31/74,t,5/6/12,vredhc1151@example.eu
898,Sofía,Martínez,42904,9/9/80,t,12/17/01,bzsbko6460@example.mobi
899,Wang,Xiulan,1439,9/12/69,t,9/6/18,cgtycb4507@example.pro
900,Zhang,Wei,65084,9/27/72,f,5/30/11,xkrmsk9957@example.jobs
901,Alejandro,Rosalez,9920,10/10/80,t,7/19/11,ihkzhe2048@example.com
902,AnaCarolina,Silva,44404,12/4/61,f,9/22/00,oadbfs7356@example.edu
903,Arnav,Desai,15334,12/27/71,t,7/11/98,wvaqfd3502@example.net
904,Carlos,Salazar,53401,2/7/71,t,4/17/05,injeth8808@example.biz
905,Diego,Ramirez,27920,7/3/84,t,3/4/11,izyuwz2699@example.org
906,Jane,Doe,41293,9/2/66,f,9/2/97,gtniqb3274@example.info
907,Jane,Roe,49141,11/30/62,f,5/2/02,rvvufn5166@example.eu
908,John,Doe,79512,11/2/79,f,5/26/10,owpqoe8093@example.mobi
909,John,Stiles,60554,6/29/77,f,7/13/14,lwwtpl2477@example.pro
910,Jorge,Souza,17066,4/9/70,f,1/3/00,wilmaa8264@example.jobs
911,Li,Juan,95956,5/25/85,t,1/26/96,omvnsd4860@example.com
912,Liu,Jie,40140,8/21/70,t,8/16/05,tsycuj8131@example.edu
913,Márcia,Oliveira,99164,2/4/87,f,5/5/17,mtoldc2890@example.net
914,María,García,11220,9/25/65,f,12/4/17,pqpscc6405@example.biz
915,Martha,Rivera,67472,5/8/78,t,2/27/00,rflatb9777@example.org
916,Mary,Major,44874,3/24/68,t,3/2/05,ijtajc1608@example.info
917,Mateo,Jackson,30869,1/25/81,f,7/12/08,klqjab7806@example.eu
918,Nikhil,Jayashankar,41145,10/25/83,f,7/9/12,rjietb8741@example.mobi
919,Paulo,Santos,47417,4/3/89,f,3/23/00,qvrorh4493@example.pro
920,Richard,Roe,11940,11/6/75,f,3/23/15,kwhdos5933@example.jobs
921,Saanvi,Sarkar,88930,9/18/64,f,4/20/14,oahvbc9072@example.com
922,Shirley,Rodriguez,67263,4/4/73,f,6/30/01,pcritk3459@example.edu
923,Sofía,Martínez,20761,12/13/82,f,10/17/96,hodbiy9297@example.net
924,Wang,Xiulan,84071,1/17/76,t,8/21/14,qatdjr7262@example.biz
925,Zhang,Wei,94490,9/11/80,t,8/10/06,hjdwrl5869@example.org
926,Alejandro,Rosalez,94400,9/1/87,t,7/2/06,edtdyp9161@example.info
927,AnaCarolina,Silva,44009,1/4/76,t,1/13/07,kidbng4149@example.eu
928,Arnav,Desai,48379,11/11/63,f,9/27/16,zhjafy1562@example.mobi
929,Carlos,Salazar,37020,5/20/65,t,4/23/09,dxylvs7396@example.pro
930,Diego,Ramirez,91382,7/25/69,f,1/18/18,vkcrul7744@example.jobs
931,Jane,Doe,21780,9/1/84,f,7/16/04,kxuhab1726@example.com
932,Jane,Roe,19424,9/2/89,f,7/23/13,xldons6884@example.edu
933,John,Doe,83179,10/23/83,f,1/25/06,udsufu4637@example.net
934,John,Stiles,75215,2/9/75,f,10/26/00,bgqanr3554@example.biz
935,Jorge,Souza,64660,11/14/79,t,10/20/00,iahjer5566@example.org
936,Li,Juan,3536,2/25/82,t,11/14/02,pizmub5664@example.info
937,Liu,Jie,31170,3/15/66,t,4/30/01,rvgdrn2129@example.eu
938,Márcia,Oliveira,56030,3/21/69,f,10/6/17,nmtdcm8868@example.mobi
939,María,García,96306,6/10/84,f,9/25/10,tlvocu8325@example.pro
940,Martha,Rivera,21345,9/17/84,t,11/7/04,jtnptc2436@example.jobs
941,Mary,Major,63963,10/21/74,f,6/1/16,vfwuop5940@example.com
942,Mateo,Jackson,57021,8/29/74,t,4/14/99,zuroun6354@example.edu
943,Nikhil,Jayashankar,82015,6/28/66,t,12/2/97,cbzvat7922@example.net
944,Paulo,Santos,25870,5/27/72,f,10/6/96,ppinls7821@example.biz
945,Richard,Roe,14902,1/15/75,f,1/3/00,hxvwfk6069@example.org
946,Saanvi,Sarkar,27374,8/31/62,t,7/15/99,wcpohy8901@example.info
947,Shirley,Rodriguez,19490,11/22/71,f,12/13/95,auzyvn3808@example.eu
948,Sofía,Martínez,62127,9/18/68,f,4/16/97,ujrtfc8261@example.mobi
949,Wang,Xiulan,47059,5/19/74,f,7/26/99,cvawnk5100@example.pro
950,Zhang,Wei,40947,4/19/61,f,2/2/08,hjdwog4854@example.jobs
951,Alejandro,Rosalez,47887,11/21/83,t,4/28/98,afeeuo6972@example.com
952,AnaCarolina,Silva,91601,4/3/84,t,4/29/14,btfvtw7577@example.edu
953,Arnav,Desai,9714,8/31/65,t,4/9/10,ilrvdm2044@example.net
954,Carlos,Salazar,99989,11/27/82,f,10/30/17,aivodm6072@example.biz
955,Diego,Ramirez,69877,3/4/88,f,11/20/02,jczkgt6620@example.org
956,Jane,Doe,76,12/2/60,t,10/30/00,xfzhxa6070@example.info
957,Jane,Roe,18805,10/19/86,t,11/2/98,wcickb4688@example.eu
958,John,Doe,77457,2/13/81,f,12/31/10,vhrayq5317@example.mobi
959,John,Stiles,68705,2/21/77,f,12/19/02,coeeyi6222@example.pro
960,Jorge,Souza,7603,6/13/65,t,3/3/04,bcibig2074@example.jobs
961,Li,Juan,38558,11/24/68,f,5/16/15,jrfkrn1237@example.com
962,Liu,Jie,26997,2/27/75,t,6/11/01,wsspkj8892@example.edu
963,Márcia,Oliveira,15439,12/21/68,t,4/30/09,qnlfkb8998@example.net
964,María,García,91495,3/22/64,f,12/15/96,juziur5043@example.biz
965,Martha,Rivera,2439,11/10/67,t,12/19/99,qxvhaq9130@example.org
966,Mary,Major,47825,6/17/72,t,10/15/96,uduztn8325@example.info
967,Mateo,Jackson,7770,1/30/83,f,6/1/16,jazwio7887@example.eu
968,Nikhil,Jayashankar,83790,10/2/64,t,5/15/08,smjdiy7116@example.mobi
969,Paulo,Santos,55339,3/19/76,f,10/30/00,irqeit4861@example.pro
970,Richard,Roe,22234,2/27/78,f,11/25/11,jqlfsi6830@example.jobs
971,Saanvi,Sarkar,15601,10/22/61,f,10/7/16,ijexhn5602@example.com
972,Shirley,Rodriguez,5145,10/5/80,f,5/4/11,ucmhit2672@example.edu
973,Sofía,Martínez,83567,3/3/74,t,12/7/04,zfffvd9948@example.net
974,Wang,Xiulan,3846,4/19/68,f,9/25/97,mdxkjy4502@example.biz
975,Zhang,Wei,45430,12/22/81,f,8/9/02,kzvywz8992@example.org
976,Alejandro,Rosalez,92740,3/16/78,t,5/24/97,bkqxzi7168@example.info
977,AnaCarolina,Silva,98344,11/21/66,t,3/17/18,rkogry6367@example.eu
978,Arnav,Desai,92884,1/7/69,f,4/1/12,edxbrj6271@example.mobi
979,Carlos,Salazar,73603,8/28/74,f,5/21/06,qwrtpd2754@example.pro
980,Diego,Ramirez,95463,11/11/88,f,6/11/14,ztlsft5721@example.jobs
981,Jane,Doe,58582,4/28/74,t,9/23/96,ozxitk1604@example.com
982,Jane,Roe,10480,3/7/88,f,3/17/15,llyyjw2414@example.edu
983,John,Doe,33326,10/13/88,t,2/11/09,qwcmjx2705@example.net
984,John,Stiles,52528,11/29/84,t,8/3/13,avzflo1378@example.biz
985,Jorge,Souza,84470,7/8/68,t,8/25/10,dboudn8780@example.org
986,Li,Juan,20635,2/8/62,t,2/24/01,hostzn7678@example.info
987,Liu,Jie,22981,8/1/72,t,11/23/08,vgtfhq4917@example.eu
988,Márcia,Oliveira,4413,10/27/76,f,2/24/16,uwyfdd4973@example.mobi
989,María,García,17782,12/29/84,t,3/6/01,sqjrhk3642@example.pro
990,Martha,Rivera,33980,11/15/62,t,4/16/03,llhzvf7816@example.jobs
991,Mary,Major,69907,10/26/82,t,6/13/00,xfkuzb3088@example.com
992,Mateo,Jackson,3699,6/7/76,f,5/30/96,gtjcoa5931@example.edu
993,Nikhil,Jayashankar,82870,6/11/82,t,2/16/01,cxpckf6176@example.net
994,Paulo,Santos,80304,2/6/61,t,9/16/13,efdvwu2830@example.biz
995,Richard,Roe,39987,2/29/84,t,5/23/95,judpdp7780@example.org
996,Saanvi,Sarkar,4663,9/19/77,t,1/19/04,zfuuec7536@example.info
997,Shirley,Rodriguez,37921,11/22/60,t,5/7/95,eackrl8116@example.eu
998,Sofía,Martínez,62176,11/30/89,f,11/4/09,jsrcea2802@example.mobi
999,Wang,Xiulan,78705,2/14/84,t,8/14/14,uvwzpn5721@example.pro
1000,Zhang,Wei,44038,5/27/73,f,7/11/14,mnakwd2606@example.jobs